4,setting form opacity use decimal double,want use track bar change form opacity code control doesn work code worked fine vb.net,4,c#,winforms,type-conversion,opacity
6,doesn percentage width child absolutely positioned parent work,absolutely positioned specification covers,4,html,css,css3,internet-explorer-7
8,tool converting visual j# code c#,conversion tools porting visual j# code c#,4,c#,code-generation,j#,visualj#
9,calculate age c#,representing person birthday calculate age,3,c#,.net,datetime
11,calculate relative time,specific value display relative time 2 hours ago 3 days ago month ago cetera,1,datediff
13,determining web user time zone,standard way web server determine time zone offset user header user agent description,4,html,browser,timezone,timezoneoffset
14,difference math.floor math.truncate,difference .net,4,.net,visual-studio,math,msdn
16,filling dataset datatable linq query result set,expose linq query asmx web service usually business tier return typed alternatively linq query serializeable expose asmx web service,4,c#,linq,web-services,.net-3.5
17,binary data mysql,store binary data,4,mysql,database,binary-data,data-storage
19,fastest way value π,solutions welcome language fastest way value π personal challenge using ways don involve using version top time though,5,performance,algorithm,language-agnostic,unix,pi
24,throw error mysql trigger,trigger update table throw error prevents update table,3,mysql,database,triggers
25,use c socket api c++ z/os,ve issues c sockets api work properly c++ including sys/socket.h compile time errors telling af_inet defined missing obvious fact coding z/os problems complicated dear upon investigation discovered #ifdef hitting z/os isn happy unless define type sockets using action personally idea oe sockets thingy z/os sockets programmers 3 rundown works,5,c++,c,sockets,mainframe,zos
34,unloading bytearray actionscript 3,forcefully unload,3,actionscript-3,flex,bytearray
36,check changes sql server table,monitor sql server database changes table without using triggers modifying structure database way preferred programming environment way plan implement seconds query compare returned checksums stored values,3,sql-server,datatable,rdbms
39,reliable timer console application,aware chosen threaded timer types drift main thread busy reliable way timer works control timer thread tick work completed parent thread busy issue timer console application timer ticking thread main thread application closes tried adding loop main thread busy timer go,4,c#,.net,vb.net,timer
42,best way allow plugins php application,starting web application php time want create people extend using plugin interface go writing hooks code plugins attach specific events,4,php,plugins,architecture,hook
48,multiple submit buttons html form,create wizard html form button forward button appears markup press enter will use button submit form example,4,html,form-submit,html-form,submit-button
59,distinct ordered list names datatable using linq,enforced,3,c#,linq,.net-3.5
61,office 2007 file type mime types identifying characters,find list mime types identifying characters office 2007 files upload form restricting uploads based extension identifying characters find office 2007 mime types,2,office-2007,file-type
66,paging collection linq,collection linq,2,linq,.net-3.5
72,add existing comments rdoc ruby,ve comments want rdoc comments formatted appropriately viewed using started understanding use rdoc,2,ruby,rdoc
79,subclipse aptana work newest release subversion,version subclipse 1.2.4 currently aptana automagic plugins manager work newest version subversion subclipse website 1.4.2 eclipse update manager tried install told needed org.eclipse.ui 3.3.0 equivalent configuration details aptana built eclipse 3.2.2 way upgrade version eclipse aptana built 3.3.0 way subclipse work newest version subversion isn programming question hope highly relevant programming experience..,4,eclipse,svn,aptana,subclipse
80,sqlstatement.execute multiple queries statement,ve written database generation script application exists query semicolon remove query fails way call multiple queries statement,3,flex,actionscript-3,air
85,flat file databases,best practices creating flat file database structures php lot mature php flat file frameworks attempt implement sql query syntax top purposes cases use database point elegant tricks good performance features small code overhead want taking problem place,4,php,sql,database,flat-file
88,gettimeofday guaranteed microsecond resolution,find porting game originally written win32 api linux well porting os port win32 port linux implemented program start portable don want discover works differently kernel compiled way fine portable linux,5,linux,winapi,visual-c++,unix,timer
90,good branching merging tutorials tortoisesvn,good tutorials explaining apache subversion better specific tortoisesvn client,4,svn,tortoisesvn,branch,branching-and-merging
104,anatomy memory leak,.net perspective determine whether application leaks effects prevent memory leak application memory leak go process exits killed memory leaks application affect processes system process completion unmanaged code accessed via interop and/or p/invoke answers questions incomplete think,4,.net,performance,memory-leaks,com-interop
108,best subversion clients windows vista 64bit,ve using love windows exists correlating vista/explorer problems tortoise occur using functionality tortoise bringing merge screen will gui start acting strange eventually hang crash 1.5.2 installing will issues,3,windows,svn,64bit
109,decoding sql cast c#/vb.net,site deluged resurgence asprox bot sql injection attack without going details attack attempts execute sql code encoding sql commands ascii encoded binary string things good couple pairs loop balks 4c pair string incorrect format interestingly step debugger getstring method byte array parse point + result help figure missing direct cast byte attempting parse,5,c#,sql,vb.net,ascii,hex
120,asp.net site maps,experience creating sql based asp.net site map providers ve default membership system well advice articles videos thanks,5,asp.net,sql,navigation,membership,sitemap
123,java lib app convert csv xml file,existing application library java will allow convert csv data file xml file xml tags provided row column headings,4,java,xml,csv,data-conversion
126,access object properties within object method,purist correct way access object properties within object method getter/setter method object use getter/setter within java forgive java year programmed java.. edit people assuming talking private protected variables/properties learned oo taught use getters/setters single property public told variable/property public starting false assumption go appears people answering question public properties don getters setters taught talking discussed well good topic question though..,4,java,php,oop,theory
129,export data sql server 2005 mysql,ve banging head sql server 2005 trying lot data ve database 300 tables turn mysql database call use bcp unfortunately doesn produce valid csv strings encapsulated deal row string comma whatever use delimiter hand write create table statements csv doesn tell data types better tool connect sql server mysql copy lose views stored procedures trigger isn hard copy table uses base types db another.. tool don mind assumptions simplifications occur long supports integer float datetime string lot pruning normalising don care keeping keys relationships initial set data fast,4,mysql,sql-server,csv,bcp
134,xsd datasets ignoring foreign keys,pretty standard table setup current application using filled problem simply remove foreign key xsd things work fine additional integrity check xsd schema match sql schema database nice,3,.net,database,xsd
145,compressing / decompressing folders & files,good way compress decompress files folders c# handling large files,4,c#,.net,compression,decompression
146,track file downloads,website plays mp3s flash player user clicks play flash player automatically downloads mp3 starts playing easy way track times song clip binary file downloaded play link link actual mp3 file javascript code pops player easily add logging code track number hits ll track web server log distinction hosting plan webalizer nicely javascript code answers nice track downloads using method without switching hosts,4,php,apache,download,analytics
163,sync svn revision number asp.net web site,stack overflow subversion version number bottom svn revision 679 want use automatic versioning .net web site/application windows forms wpd projects/solutions implement,4,.net,asp.net,svn,versioning
164,embedding windows media player browsers,using videos internal site embedding web sites works well internet explorer firefox ve ways work firefox stops working internet explorer want use silverlight yet clients will running windows xp windows media player installed sort universal code embeds wmp internet explorer firefox implement user agent detection deliver html browsers,3,windows,embed,media
173,version sql server database,ve wanting databases version control advice recommended articles started ll want data mentions user types administrators ll want large collection generated test data performance measurement,4,sql-server,database,svn,version-control
174,print html document web service,want print html c# web service web browser control overkill function well service environment function well system tight security constraints sort free .net library will support printing basic html code properly yields script error error dialogarguments.___ie_printtype null object url res //ieframe.dll/preview.dlg small empty print preview dialog appears,4,c#,html,web-services,printing
175,annotating youtube videos programmatically,want display normal youtube video overlaid annotations consisting colored rectangles frame requirement programatically youtube annotations require use front create hand want generate best way ideas build flash player ew draw youtube flash player will work reverse engineer &amp hijack youtube annotation system messing local files redirecting attempt download annotations using greasemonkey firefox plugin idea doesn count download video,3,annotations,youtube,reverse-engineering
176,error_log virtual host,linux server running apache php 5 multiple virtual hosts separate logfiles thing separate virtual hosts php virtual host,3,php,apache,virtualhost
180,function creating color wheels,ve pseudo solved times solution stuck problem way generate colors distinguishable parameter,4,algorithm,language-agnostic,colors,color-space
192,floating point number parsing catch algorithm,fun parts multi cultural programming number formats americans use 10 000.50 germans use 10.000 50 french use 10 000 50 approach take string parse backwards encounter separator use decimal separator obvious flaw 10.000 interpreted 10 approach string 2 numeric characters use decimal separator discard check occurs discard appears check 3 digits yes discard use decimal separator obvious best solution detect user culture browser work frenchman using en us windows/browser .net framework mythical black magic floating point parser better trying auto detect number format,5,c#,.net,asp.net,internationalization,globalization
194,upgrading sql server 6.5,yes existence running copy running 1 2 seconds without modification indexes didn expect kind improvement,2,sql-server,migration
227,best way generate tag cloud array using h1 h6 sizing,arrays tags,4,php,arrays,cloud,tag-cloud
231,register windows program mailto protocol programmatically,links will registered program handle event program solutions quick google search manually automatically users program click button set default email client edit removed reference delphi answer independent language,2,windows,mailto
234,sql server 2005 implementation mysql replace,mysql incredibly useful yet properitary bit pain application therefore keeping 2 versions statement wonder easy universal way implement function sql server 2005,2,mysql,sql-server
237,distributed source control options,ve interested git time looked windows support essentially linux distributed source control tools well windows,4,git,version-control,github,dvcs
246,create sqlite database based xsd data set,way create sqlite database based xsd ve used basic sqlite manager want fuse things bit .net development,3,.net,database,sqlite
249,accessing remote form php,want gather info user local php control use info query form site don control,2,php,forms
260,adding scripting functionality .net applications,game written c# uses database wanted implement function cards script essentially interface language c# extra bonus write script .net language,4,c#,.net,scripting,compiler
263,gtk implementation messagebox,trying implement win32 experienced gtk programmer realise horribly wrong problem dialog popped function stays process exits ideas,5,c++,c,linux,gtk,x11
264,berkeleydb concurrency,optimal level concurrency c++ implementation berkeleydb reasonably support threads hammering db throughput starts suffer resource contention ve read manual set number locks lockers database size advice real world experience bdb concurrency application pretty simple ll puts records 1kb cursors deleting,2,c++,berkeley-db
265,best practice collaborative environment bin directory svn,best practices checking bin directories collaborative development environment using svn project level references excluded checkin easier add bin directories develop lot dotnetnuke sites multi developer environment huge task environment setup correctly ultimate goal course developer checkout trunk svn restore dnn database work ..,2,svn,collaboration
279,asp.net visual studio subversion integrate,use ankhsvn visual studio 2005 2008 thing bugs ankh work svn.exe level integration want want stay within visual studio ide control remote server install whole change tracking/comparison repository machine,3,asp.net,visual-studio,svn
289,sort dictionary value,dictionary keys &amp values sort value example hash words frequencies want order frequency good single value frequency want map word cleanest way,3,c#,sorting,dictionary
308,version control system database structure changes,problem work changes project require tables columns database database modifications continue work usually remember write changes replicated live system don remember ve changed don remember write push live system big obvious error ugh fact best practice situation version control system databases don care specific database technology want exists work ms sql server great,3,sql,database,version-control
313,.net migrations engine,belief microsoft working official ruby migration framework haven find additional original source belief official migration framework open source,3,.net,ruby,database
328,php session security,guidelines maintaining responsible session security php web time landed place,2,security,php
330,use nested classes case,working collection classes used video playback recording main class acts public interface methods etc.. workhorse classes video decoding video encoding learned existence nested classes c++ curious programmers think using wary benefits/drawbacks book reading used cases mine book suggests scenario mine good solution nest workhorse classes inside interface class separate files classes client meant use avoid naming conflicts don justifications nested classes concept want programmers think issue,4,c++,oop,class,nested-class
336,use unsigned values signed,appropriate use unsigned variable signed java doesn unsigned values concious decision,2,language-agnostic,types
337,xml processing python,build piece project will construct post xml document web service python expand skills unfortunately whilst xml model fairly well .net uncertain pros cons xml models python experience xml processing python start xml files ll building will fairly simple,2,python,xml
361,generate list permutations string,go generating list permutations string characters length variable list characters language work portable,3,string,language-agnostic,cross-platform
369,web build process you/should automate,web build process you/should automate system choice top head real step web build steps take place take source snapshot change config files release compress css javascript tests take database snapshot without test data move source server import clean current version database server automatically confirm build successful system steps,3,ant,build-process,phing
371,email send programmatically automatically marked spam,tricky ve relied techniques permission based emails i.e sending people permission send using blatantly spamish terminology late emails send programmatically started shuffled people spam folder automatically wondering despite fact emails humans mark spam emails license keys people paid good money don think going consider spam figure big topic essentially ignorant simpleton,2,email,email-spam
382,meaning type safety warning java generics casts,meaning java warning type safety cast object list checking erased type list warning try cast object type generic code,5,java,generics,warnings,casting,type-safety
387,lucene score,lucene multiple indexes covered partition search indexes return scores servers match exactly i.e searched john smith dob 11/11/1934 partition 0 return score 0.345 partition 1 return score 0.337 matched exactly dob,2,search,lucene
395,migrate large app visual basic 6.0 vb.net,company monolithic piece software customers use car dealerships original application written visual basic 6.0 grown years hasn business case switching .net framework newer considerably better things used correctly speeds development time visual basic 6.0 things harder visual basic 6.0 impossible though microsoft dropped support visual basic 6.0 obvious switching platform inevitable way vb.net works requires think fundamentally heck way pass variables subs changed tell switching .net require complete design write application question position tools smooth transition work avoided sell customers boss suits @rob burke boatload winforms absolutely. ado code db access yes easy manage place. asp web strictly desktop app. custom controls yes written us i.e third party stuff . installed base ~1000 machines time called microsoft tech support 16 17 time trouble msdn library work machine days msdn wasn online internet connections dial support case elevated solution format hard drive reinstall needless didn consider solution,4,.net,vb.net,vb6,vb6-migration
402,iphone app landscape mode 2008 systems,note question 2008 historic interest best way create iphone application runs landscape mode start position device programmatically using interface builder,2,iphone,objective-c
419,unload control working vb6 ide,everyday work maintaining extending legacy vb6 applications common engine written c/c++ vb6 uses functions order improve performance asynchronous programming c interface rely controls fire events vb6 problem register control vb6 vb loads control memory unload quit vb6 ide control loaded whole time unable recompile vc6 dll file locked solution enable control vb use createobject full control problem declare control object vb6 interface using access intellisense pain idea tell vb6 unload controls quitting application directly ide,2,com,vb6
427,programmatically launch mobile favorites screen,way launch iemobile favorites screen directly command parameter,3,windows-mobile,pocketpc,ie-mobile
429,schedule tasks windows,situation couple months develop solution scheduled periodically haven way handle windows entirely happy time feeling corralled using windows service unacceptable amount overhead cron job unix missing used schedule application windows @karl yes clearer ve steered scheduled tasks people work towards services clear reason haven heavy windows user 10 years started developing platform unfamiliar ups downs parts @sasb command links windows 2000 superseded guessing command window scheduled tasks piece windows,3,windows,windows-services,scheduled-tasks
438,implementation remember rails application,rails app sign box remember checkbox users check box remain logged closing browser keeping track whether users logged storing user session sessions implemented rails session cookies persistent persistent hack surprising common functionality better way edit gareth answer pretty good answer familiar rails 2 unique cookiesessionstore,3,ruby-on-rails,ruby,http
469,find full path font display mac,using photoshop javascript api find fonts psd font returned api want find actual physical font file corresponds disc happening python program running osx guess photoshop javascript python function osx api call python,4,python,osx,fonts,photoshop
470,homegrown consumption web services,ve writing web services .net app ready consume ve numerous examples homegrown code consuming service opposed using auto generated methods visual studio creates adding web reference advantage,2,.net,web-services
482,winforms combobox data binding gotcha,web developer find dabbling windows forms projects thing confounds day assume,3,c#,winforms,data-binding
502,preview jpeg pdf windows,cross platform python application generate jpeg preview pdf mac spawning simple windows,4,python,windows,image,pdf
514,frequent systemexit ruby making http calls,ruby rails website http calls external web service day systemexit stacktrace error email call service failed try exact query site moments works fine happening site went live ve luck tracking ruby version 1.8.6 rails version 1.2.6 problem error stacktrace systemexit occurred /usr/local/lib/ruby/gems/1.8/gems/rails 1.2.6/lib/fcgi_handler.rb 116 `exit /usr/local/lib/ruby/gems/1.8/gems/rails 1.2.6/lib/fcgi_handler.rb 116 `exit_now_handler /usr/local/lib/ruby/gems/1.8/gems/activesupport 1.4.4/lib/active_support/inflector.rb 250 `to_proc /usr/local/lib/ruby/1.8/net/protocol.rb 133 `call /usr/local/lib/ruby/1.8/net/protocol.rb 133 `sysread /usr/local/lib/ruby/1.8/net/protocol.rb 133 `rbuf_fill /usr/local/lib/ruby/1.8/timeout.rb 56 `timeout /usr/local/lib/ruby/1.8/timeout.rb 76 `timeout /usr/local/lib/ruby/1.8/net/protocol.rb 132 `rbuf_fill /usr/local/lib/ruby/1.8/net/protocol.rb 116 `readuntil /usr/local/lib/ruby/1.8/net/protocol.rb 126 `readline /usr/local/lib/ruby/1.8/net/http.rb 2017 `read_status_line /usr/local/lib/ruby/1.8/net/http.rb 2006 `read_new /usr/local/lib/ruby/1.8/net/http.rb 1047 `request /usr/local/lib/ruby/1.8/net/http.rb 945 `request_get /usr/local/lib/ruby/1.8/net/http.rb 380 `get_response /usr/local/lib/ruby/1.8/net/http.rb 543 `start /usr/local/lib/ruby/1.8/net/http.rb 379 `get_response,3,ruby-on-rails,ruby,crash
535,continuous integration system python codebase,starting work hobby project python codebase set form continuous integration i.e running battery test cases time check sending nag mails responsible persons tests fail cruisecontrol teamcity realize hooks vcses requires tests machine version control server isn elegant suggestions small user friendly open source continuous integration system suitable python codebase,3,python,continuous-integration,extreme-programming
549,definitive guide form based website authentication,form based authentication websites stack&nbsp overflow resource specific technical questions general guidelines solve variations common problems form based authentication websites fine topic experiment include topics log remain logged store passwords using secret questions forgotten username/password functionality .. include things roles authorization http basic authentication help us suggesting subtopics submitting good articles subject editing official answer,4,http,authentication,language-agnostic,article
561,use combinations sets test data,test function tuple set fringe cases normal values example testing function returns note answer helpful challenge people will post answer,3,unit-testing,language-agnostic,testing
562,write web.config medium trust,uploading decently sized web app shared host provided fresh set challenges sleepless nights issue developed application medium trust clue mitigated issues save written installer admin connectionstring preferences find way write web.config medium trust solution putting preferences file,3,c#,asp.net,medium-trust
564,difference int integer java c#,sitting local type programmer knowing difference int integer java/c# object oriented programming languages quick brain check realized dismay didn answer,4,c#,java,integer,int
580,deploying sql server databases test live,wonder guys manage deployment database 2 sql servers sql server 2005 development live buildscript standard windows batch current complexity scripts switch powershell enterprise manager/management studio express count copy .mdf file attach bit careful working binary data compatiblity issue though development live version server time lack explain create table sql exports existing database sql scripts target server yes tool automatically dump database sql queries runs command enterprise manager/management studio express count lastly fact live database data deployment involve creating tables checking difference structure alter table live data verification/conversion existing fields change hear lot great stuff products hobby projects price bit steep using automatically deploy sql server databases test live,3,sql-server,deployment,release-management
588,best way access exchange using php,writing cms application php requirements interface customer exchange server ve written functionality times used leaning will running site iis apache preference windows server 2008 things include adding contacts user address book sending emails user running reports contacts user pretty easy webdav better way doesn require functionality deprecated time ideas update justin love idea using objects worry maintaining 3rd product work.. john write web service c# interface functions access php app bit way 100% convinced better webdav.. silly,5,php,windows,exchange-server,webdav,mapi
594,cx_oracle best way iterate result set,ways iterate result set way best,5,python,sql,database,oracle,cx-oracle
601,robust random number generation,performant reasonably robust rng using special hardware use mathematical methods mersenne twister collect entropy machine whatever linux/etc drand48 generates 48 random bits function/class c++ c# generate 32 bits randomness low order bits equally random high order bits doesn cryptographically secure use based c language rand .net system.random source code links source appreciated failing type rng,3,c#,c++,random
609,build windows nt 4.0 using visual studio 2005,mfc application trying migrate uses use /md switch _afxdll builds indicates impossible build application execution windows nt 4.0 using visual studio c++ case 2005 true workaround,4,c++,visual-studio,compatibility,windows-nt
622,efficient code 10000 prime numbers,want print 10000 prime numbers efficient code clarifications matter code inefficient &gt 10000 size code matter hard code values manner,3,performance,algorithm,primes
626,use lambda use proc.new,ruby 1.8 subtle differences proc/lambda hand differences guidelines decide choose ruby 1.9 proc lambda deal,3,ruby,lambda,proc
644,swap unique indexed column values database,database table fields primary key unique want swap values column two rows two hacks delete rows insert update rows value swap update actual value don want go appropriate solution problem help,2,sql,database
650,automatically update version number,version property application incremented build enable functionality visual studio 2005/2008 tried assemblyversion 1.0.* doesn exactly want using settings file earlier attempts assembly version changed settings reset default application looked settings file directory display version number form 1.1.38 user finds problem log version using well tell upgrade release short explanation versioning works appreciated build revision number incremented,3,c#,visual-studio,versioning
651,checklist iis 6/asp.net windows authentication,ve trouble asp.net application automatically log users intranet site building matter googling experimentation applied login box displayed ie7 ve windows authentication mode set web.config disabled anonymous access configured correct default domain iis user log annoyingly user required provide domain domain\auser causing problems technical visitors thank zeus password remembering functionality network administrator active directory set incorrectly missing simple note don want impersonate user iprincipal.name property matches valid record user database authenticating user application useful checklist configuration requirements ad asp.net iis work together manner reference debugging hopefully reducing user friction,4,asp.net,iis,authentication,active-directory
657,encrypting passwords,fastest yet secure way encrypt passwords php prefered method choose portable words migrate website server will passwords continue work method using told dependent exact versions libraries installed server,2,encryption,passwords
683,using match attribute python objects array,don remember whether dreaming recall function allowed ve looked docs kind thing doesn fall obvious listed headers,3,python,arrays,iteration
696,connect php as/400,ve upcoming project wherein will connect website php5/apache 1.3/openbsd 4.1 system running iseries os400 v5r3 access tables stored ve checking running roadblocks ve db2 extensions db2 software ibm linux ve tried compiling extensions software ibm tried precompiled ibm_db2 extension luck ibm supports linux turned linux emulation kernel didn help natively openbsd great think setting second server running centos db2 installed via zendcore ibm driver set small transaction server post json representation db2 data second option overkill better ideas,5,php,database,odbc,db2,ibm-midrange
698,ide code completion python,find type 2 4 characters keyword drastically speeds coding. spending time writing python code find reaching ctrl + space ides support code completion python python development mac os tool preferable. doc string property python methods perfect match inline api discovery,4,python,ide,code-completion,wing-ide
705,embedded database .net network,embedded database used .net c# application caveat application database stored network drive used 1 user time idea interesting trial .net version pricing suggestions works well .net runs network without installing server software,3,.net,database,embedded-database
709,.net testing framework advice,introduce unit testing framework mix job using visual studio 2005 though moving 2008 within 6 months work c# framework kind ide integration best open frameworks don integration simple set going resistance way pushing isn pain neck help case obvious choice ve points nunit impressions used recommending team used nunit pitfalls limitations aware good options ve used nunit greatly appreciate idea strengths weaknesses,4,c#,.net,visual-studio,unit-testing
717,doesn vfp .net oledb provider work 64 bit windows,wrote windows service using vb read legacy data visual foxpro databases inserted sql 2005 problem use fine windows server 2003 32 bits client moved windows 2003 64 bits service won work message vfp .net oledb provider researched point solution help please..,5,.net,database,oledb,legacy,vfp
728,decent simple gis/mapping component asp.net,display map u.s states colors underlying data map facility subscribing hover/click events state javascript presumably using imagemap data won changing kind ajax way ideally component generate static image cacheable suggestions,3,asp.net,mapping,gis
742,class views django,view points function problem want change bit functionality yes keyword arguments statements function thinking object oriented approach example displays user displays group use data model group members etc.. way point views class methods extend class tried approach idea,4,python,django,views,oop
746,format string title case,format string title case,4,string,language-agnostic,format,title-case
752,object instance type,type object compile time create instance type object instance type,3,c#,.net,reflection
761,localising format descriptors,best way localise format descriptor culture use mm/dd/yyyy format annoying enter dates format .net framework good localisation support trivial parse dates users culture want display helpful hint format required distinguish yy yyyy interchangeable cultures best way sense users i.e dd/m/yyy confusing change case switching two letters,4,.net,internationalization,date,globalization
766,python mysql,python work postgresql work mysql main problem shared hosting account ability install things django pysql generally fail installing computer good install host good require install single file read call functions mysql,4,python,mysql,postgresql,bpgsql
769,solving linear equation,programmatically solve system linear equations c objective c needed c++ example equations best approximation tx,4,math,linear-algebra,system,linear-equation
773,use python itertools.groupby,haven find understandable explanation use python technique using pointers good prerequisite reading appreciated,2,python,iteration
800,object oriented vs relational databases,object oriented databases cool idea worry mapping domain model database model messing sql orm tools way understand relational dbs offer advantages massive amounts data searching indexing mind 99% websites massive enterprise issues thought oo dbs widely used,3,database,oop,object-database
805,asp use sftp,asp classic .net way sftp server upload download couple files kicked user people used sftp asp classic opposed purchasing control,2,asp-classic,sftp
810,visual studio setup project user registry settings,trying maintain setup project user/machine hive don users root key haven user/machine hive enlighten solve problem,4,windows,visual-studio,registry,setup
826,efficiently sorted sums sorted list,ascending list numbers efficient algorithm think ascending list sums two numbers list duplicates list irrelevant remove avoid clear interested algorithm feel free post code language paradigm,2,algorithm,language-agnostic
832,elegantly express left join aggregate sql linq query,sql,2,c#,linq
833,editing database records multiple users,designed database tables normalised ms sql server created standalone windows front application will used handful users add edit will add web interface allow searching accross production area concerned two users start editing record commit update winner lost number solutions mind going create bigger headache hope two users going editing record time happed editing routine store copy original data well updates compare user finished editing differ user comfirm update require two copies data stored add updated datetime column check matches update differences requires column relevant tables create editing table registers users start editing record will checked prevent users editing record require carful thought program flow prevent deadlocks records locked user crashes program better solutions go,2,sql-server,database
835,cruisecontrol.net msbuild /p outputpath ccnetartifactdirectory,trying setup cruisecontrol.net moment works nice problem msbuild task passes ccnetartifactdirectory msbuild use tried,2,msbuild,cruisecontrol.net
845,detect font used web,suppose css rule html <pre class= lang css prettyprint override > detect defined fonts used user browser edit people wondering want font detecting glyphs fonts user want display link user download font use web application currently displaying download font link users display people correct font installed,4,javascript,html,css,fonts
855,.net xml comment api documentation,easy way produce msdn style documentation visual studio xml output patient set good xslt person cross bridge tried setting sandcastle eyes cross missing process way involved nice dead simple solution reiterating think formatting paragraph inviting read sandcastle try hard time set mind simpler unless don understand sandcastle process awful lot extra baggage produce nice testers work,5,visual-studio,xslt,documentation,sandcastle,xml-comments
871,git better subversion,ve using git improve upon subversion,2,svn,git
879,php variables passed value reference,php variables passed value reference,4,php,variables,pass-by-reference,pass-by-value
888,debug php scripts,debug php scripts aware basic debugging using error reporting breakpoint debugging phpeclipse useful good/better techniques,2,php,debugging
898,internationalization projects,implemented internationalization i18n actual projects ve worked took interest making software cross cultural read famous post joel yet take advantage real project making used unicode strings making strings unicode ensuring understand encoding work tip i18n iceberg worked use controlled set us english speaking people i18n wasn time work pushing project live tips war stories people making software localized real world projects,4,language-agnostic,unicode,localization,internationalization
899,best subversion client mac os,windows daddy question mac simple integrated fair choice tools gui clients subversion svn worth checking,2,svn,osx
904,html word break dash,simple css string stays constrained width 150 simply wraps newline hyphen,3,html,css,text
905,client collation sql server 2005,upgrading existing program vendor us host databases enterprise version softwares clients use collation connections enterprise supports find ms site support honestly don want pay extra enterprise standard edition works missing talked feature sql server suspect vendor trying upsell,2,sql-server,windows-server-2003
918,learn python good example code,dabbling bit well.. feel starting leave formative toddler years ready serious code generally encapsulated single script large unwieldy don start excellent example proper python code style organization ideally associated decisions ideas prefer simple console app extra .py files package good measure .. thing reason coming bit experience java .net generally preferred class definition source file rarely case python world limited exposure doesn smell enterprise python hobbyist python,1,python
930,connect database loop recordset c#,simplest way connect query database set records c#,4,c#,database,loops,connection
935,string literals escape characters postgresql,attempting insert escape character table warning example using psql 8.2,1,postgresql
944,unhandled exception handler .net 1.1,maintaining handle uncaught exceptions display friendly dialog box edit jeff response marked correct answer link provided complete required,4,c#,.net,exception,exception-handling
947,use mutex visual basic,imported kernel32 library function various parameters return values classic visual basic visual basic.net work language form answer,1,vb6
972,adding method existing object,ve read add method existing object e.g class definition python think called monkey patching cases duck punching understand good decision don python language choice update 8/04/2008 00 21 01 est isn exactly isn builtin functionality cool,3,python,oop,monkeypatching
1005,root permissions file inside vi,editing config files ll open vi go save realize didn type way vi sudo privileges save file recall stuff vi ago find,3,linux,unix,vi
1010,value built encoded viewstate,grab base64 encoded representation viewstate fairly late request lifecycle example output includes clarify value rendered postback e.g viewstate value client viewstate,2,c#,asp.net
1024,unprocessed view path error exceptionnotifier plugin rails 2.1,upgrading rails 1.2 website 2.1 longer works complaining error,4,ruby-on-rails,ruby,exception,plugins
1033,country ip,simple way retrieve country ip address preferably format,3,ip,lookup,country
1037,displaying flash content c# winforms application,best way display will display images flash content great load flash content stream sorts file disk,5,c#,winforms,flash,adobe,macromedia
1040,delete file locked process c#,way delete file locked process using c# suspect method find process locking file tracking handles c# close process complete file delete using,2,c#,file-locking
1041,easy use regular expression support c++,robust easy use regular expression evaluator native c++ platform independent windows specific requirements use boost ace regex libraries unfortunately use .net regex managed code main requirement standalone open,2,c++,regex
1042,doesn sql full text indexing return words #,instance query using sql server 2005 # special letter allow freetext work correctly query,4,sql,sql-server,indexing,full-text-search
1053,diversion floating point precision 1,mathematicians agree e<sup>πi</sup> + 1 = 0 floating point implementations disagree well settle dispute keen hear languages implementations various methods result close zero creative,3,math,language-agnostic,floating-point
1064,display 100 floating cubes using directx opengl,display ~100 floating cubes using,4,language-agnostic,opengl,3d,directx
1069,heap corruption win32 locate,working multithreaded c++ application corrupting heap usual tools locate corruption inapplicable builds 18 months source code exhibit behaviour release long time wasn noticed downside source deltas used identify bug introduced lot code changes repository prompt crashing behaviuor generate throughput system socket transfer data munged internal representation set test data will periodically app exception various places various including heap alloc failing thus heap corruption behaviour cpu power memory bandwidth machine easier crash disabling hyper threading core dual core core reduces rate eliminate corruption suggests timing issue rub lightweight debug environment dialog unselect find project don settings settings,5,c++,windows,multithreading,debugging,memory
1070,process size unix,correct way process size,2,unix,size
1083,bayesian filtering spam,wondering good clean oo implementation bayesian filtering spam text classification learning purposes,3,artificial-intelligence,email-spam,bayesian
1104,ensuring exceptions caught,exceptions c++ don caught compile time errors calling function developer judgment whether catch using try/catch unlike java way ensure exceptions thrown caught using try/catch calling function,3,c++,exception,try-catch
1108,database indexing work,indexing dataset increases size explain indexing works database agnostic level queries field check,3,database,indexing,article
1131,windows help files options,days help trivial generate funky .rtf file special tags compiler winhelp file .hlp works well microsoft decided winhelp hip cool switched chm point axed winhelp vista chm nice tried open .chm file network will nice navigation webpage canceled screen caused security restrictions ways chm work network good choice user presses help button wants help funky settings bottom find chm absolutely unusable winhelp option wonder alternatives integrate application i.e winhelp chm functions allow directly jump topic pdf disadvantage requiring adobe reader lightweight people use live kind standard nowadays tell reliably jump page/anchor html files best choice deal browsers css stuff edit create help files fan setup extract philosophy problem times users will network exactly problem robust future proof way provide help users without code help system application chm nice format security stuff unusable help system supposed provide help user generate problems,4,windows,language-agnostic,chm,winhelp
1145,malloc double free error realloc,ve tried write string replace function c works,2,c,malloc
1156,database column,hopefully answers database server outline indexing works check,3,sql,database,indexing
1160,use svn revision label build ccnet,using ccnet sample project svn source control ccnet configured create build check ccnet uses msbuild build source code use latest revision number generate assemblyinfo.cs compiling retrieve latest revision subversion use value ccnet edit using nant msbuild,3,svn,msbuild,cruisecontrol.net
1171,efficient graph data structure python,manipulate large 10^7 nodes graph python data corresponding node/edge minimal small number strings efficient terms memory speed way dict dicts flexible simpler implement intuitively expect list lists faster list option require data separate structure dicts allow sort graph[i][j][ property ]= value yes bit clearer efficiency case terms random access retrieval loading data memory isn huge problem time consuming visiting nodes extract measure metrics interested hadn considered making node class properties nodes add extra layer overhead hoping direct experience case share graphs common abstractions cs,4,python,data-structures,performance,graph
1176,open source ruby projects,started study ruby lieu jeff advice weekend.. theorizing write lots software learn mistakes ...i interested honing skills helping open source community process thought suggestions cool/interesting open source projects written ruby involved,2,ruby,open-source
1180,subdomain user accounts webapp,allow users control subdomain app toying basecamp,5,dns,web-applications,subdomain,user,account
1189,viewstate invalid safari,sites maintain relies heavily use error appears happen safari firefox opera load scenario,4,c#,.net,safari,viewstate
1229,hyperlink specific slide .ppt file,want link specific slide online powerpoint file e.g want people click link straight nth slide,2,hyperlink,powerpoint
1237,regex pull string two tags string,file format data data data [start] data want [end] data grab tags using regex,2,regex,parsing
1241,asynchronous multi direction server client communication open socket,client server app client windows mobile 6 device written c++ server full windows written c# originally needed send messages client server server sending acknowledgment received message update server send message client request data currently set client receive mode sends data server doesn allow server send request time wait client data thought create thread client separate open socket listening server requests...just server respect client way within thread using socket server send requests time use affect pass receive buffer event tells data,3,c#,c++,sockets
1261,advantages using svn cvs,company using cvs de facto standard source control ve heard lot people svn better svn newer unfamiliar benefits good succinct comparison two systems noting advantages disadvantages java/eclipse development environment,3,svn,version-control,cvs
1276,big mysql database performance starts degrade,point mysql database start lose performance physical database size matter number records matter performance degradation linear exponential large database roughly 15m records take 2gb based numbers incentive clean data safe allow continue scaling years,2,mysql,database
1284,catching sql injection malicious web requests,tool detect malicious requests obvious sql injection posts will ban ip address requester/add blacklist aware ideal world code handle requests treat lot value tool site safe kinds attacks lead saving bandwidth preventing bloat analytics ideally cross platform lamp/.net solution sits higher level technology stack web server hardware level exists though way hear community feedback options regard implementation approach,2,xss,sql-injection
1292,limit size queue<t> .net,queue&lt t&gt object initialised capacity 2 capacity expanding add items object automatically dequeues item limit reached best solution create inherited class,3,.net,collections,queue
1300,nant supported suitable .net 3.5/vs2008,using msbuild build stuff want use cruisecontrol.net build server ccnet refers nant lot ccnet stuff nant project configuration msbuild nant bit unsupported beta release year short happy msbuild official compiler front bit uncomfortable nant want judge prematurely reasons use nant msbuild ccnet overlap bit nant terms features adding automated build stuff,4,.net,.net-3.5,msbuild,nant
1304,check file lock,way check whether file locked without using try/catch block way open file catch system.io.ioexception,4,c#,.net,io,filelock
1306,use curses ruby,create progress bar indicate status batch job ruby ve read class incredibly straight forward perfectly solved problem,3,ruby,unix,curses
1311,rockbox audio format,callback,3,c,audio,rockbox
1313,followup finding accurate distance colors,function attempts quantify distant distinct two colors question two parts color space best represents human vision distance metric space best represents human vision euclidean,2,language-agnostic,colors
1314,using mstest cruisecontrol.net,using cruisecontrol nunit nant project decided use testing framework visual studio adequate attempting solution running cruisecontrol ve finally build work unable tests cruisecontrol interface despite adding custom build tasks components designed definitive link instructions set,3,msbuild,build-process,cruisecontrol.net
1323,followup sorting colors distinctiveness,maximally distant colors associated distance metric way sort colors order reasonably close maximally distinct set words bunch distinct colors ordering use colors starting reasonably assured distinct nearby colors distinct e.g bluish red isn reddish blue randomizing optimal clarification large visually distinct set colors 256 1024 want sort use 16 visually distinct subset colors equivalent roughly want sort list 1024 closer individual colors visually farther apart list,3,algorithm,language-agnostic,colors
1329,better file copy alternative windows default,copy hundreds gigs random files computer pretty leery using vanilla file copy built windows don want hang zip files surely read files loop step don want work hours unexpectedly opened file won copy cancel whole copy quit indication work remains file management programs experience recommend question question,4,windows,file,filesystems,utilities
1376,current logged os user adobe air,current logged user air/flex application application will deployed windows machines think attain regexing user directory open ways,2,flex,air
1383,unit testing,questions unit test specific language question use use common pitfalls misconceptions,2,unit-testing,glossary
1384,subsonic vs nhibernate,concensus use tools adversed find subsonic useful terms things large projects tends scale ties domain model database model nhibernate lightweight pocos unrelated database model setup time longer,4,.net,nhibernate,orm,subsonic
1387,current best options parallelizing cpu intensive .net app,open ended question approaches consider,2,.net,parallel-processing
1390,windows server 2008 server core appropriate sql server instance,setting dedicated sql server 2005 box windows server 2008 week pare barebones fully functional server core option sounds appealing clear whether sql server sku services addressed don indication sql server definitively,2,sql-server,windows-server-2008
1401,asp.net custom client side validation,custom validation function javascript user control .net 2.0 web site checks fee paid excess fee amount ve validator code ascx file tried using page.clientscript.registerclientscriptblock cases validation fires find javascript function output firefox error console feeamountcheck defined function taken directly firefox >view source ideas function isn remedy without add function master consuming,3,asp.net,javascript,validation
1408,xampp/apache serve file htdocs,configure serve file edit edited add apache question title q/a searchable,4,php,apache,xampp,server-configuration
1409,bandwith throttling iis 6 ip address,writing application downloads large files background clients logged locally vpn logged locally want throttle downloads limit downloads 10 kbps user connected via vpn differentiate users ip address range air application figure will throttle via server side server iis 6 web service asp.net / c# throttling iis 6 work fine entire web site via ip will rig .net,2,asp.net,iis
1417,authenticated user apache using plain http authentication php,security considerations way using simple authentication apache internal use internet connected lan php web app http authenticated user php,4,php,apache,authentication,http-authentication
1451,best way handle multiple permission types,encounter scenario offer types permissions use asp.net / vb.net sql server 2000 scenario want offer dynamic permission system work parameters want department specific person access application pretend number applications growing chosen two ways 1 use single permission table special columns used determining apply parameters special columns example typeid typeauxid sql thoughts hope examples sense cobbled together example requires work feel best answer better way handle,2,sql,permissions
1453,using object property default method property,trying produces unexpected t_variable error,3,php,parameters,error-handling
1457,modify address bar url ajax app match current state,writing ajax app user moves app url address bar update despite lack reloads basically bookmark point thereby return current state people handling maintaining restfulness ajax apps,4,ajax,url,rest,address-bar
1476,express binary literals python,express integer binary number python literals easily find answer hex syntax octals,4,python,syntax,binary,literals
1496,preferred versions vim emacs mac os,us use graphical version vim emacs console version version recommend vim ready prime time tough call trade offs maintained discussion vim vs emacs don mind comparisons editors,4,osx,vim,emacs,editor
1503,integrating visual studio test project cruise control,using visual studio 2008 built unit test projects nunit wondering experience trying integrate type unit test project cruise control.net,4,visual-studio,unit-testing,continuous-integration,cruisecontrol.net
1505,web sites icon iphone,set icon appears iphone web sites create,4,iphone,html,favicon,apple-touch-icon
1508,distributed version control systems working together,office central source safe 2005 install use source control change office uses server develop laptop local source control repository sync central server central provider reason request maintain local stable branch/build client presentations continuing develop without jump flaming hoops consultant clients request use source control provider flexibility life easier existing distributed source control clients handle,2,version-control,dvcs
1528,hiding inherited members,way effectively hide inherited members library classes inherit common base classes descendant classes inherit dependency properties vestigial confusing using intellisense using classes visual designer classes controls written compiled wpf silverlight 2.0 operator ridiculous,5,c#,wpf,silverlight,polymorphism,dependency-properties
1535,reducing duplicate error handling code c#,ve completely happy way exception handling works lot exceptions try/catch brings table stack unwinding break lot oo model process problem class wraps includes networked file io operations e.g reading writing file unc path various reasons don want io operations fail detect fail retry retrying succeed reach timeout convenient retrytimer class instantiate use sleep current thread retries determine timeout period elapsed problem bunch io operations methods class wrap try catch / retry logic example code snippet leaves lot desired hear people solve sort problem,3,c#,exception,error-handling
1537,software engineering,term software engineering used without fully considered field young compared mature professional disciplines definition arguably worked understood differently populations despite defined ieee software engineering defined users software engineering,1,software-engineering
1542,online peer code review,people work small teams teams best developer learn better online resources/methods sort peer code review used pretty active online art community drawing anime sorts sites post pictures critiques comments ve programmers thinking post object architecture plans db design plans straight code learn critique comment preferably focused towards php will free site note yes aware security implications security obscurity worst security posting code help flush potential security issues..,1,code-review
1576,longtime windows user starting use linux,ve finally moved websites decent aware man command work solutions problems eventually unaware lot edit currently use host hold live sites use effectively start web development mind essential commands linux user useful commands,4,linux,bash,unix,shell
1584,linux shell equivalent iis,lamp developer considering moving .net iis platform concerns loss productivity lack shell.. experience linux shell equivalent windows,5,windows,iis,shell,command-line,terminal
1598,correct pixel dimensions apple touch icon,correct size sites repeat apple touch icon 57x57 pixels cite broken link source,3,iphone,favicon,apple-touch-icon
1600,best way copy databas,create empty database backup restore existing database best way error prone complicated,2,sql-server,sql-server-2008
1607,mechanisms tracking db schema changes,best methods tracking and/or automating db schema changes team uses subversion version control ve automate tasks way pushing builds staging server deploying tested code production server database updates manually find create solution allows us work efficiently servers environments continuing use subversion backend code db updates pushed various servers popular software packages include auto update scripts detect db version apply changes best way larger scale multiple projects multiple environments languages existing code simplifies process best roll solution implemented integrated subversion post commit hooks bad idea solution supports multiple platforms preferable definitely support linux/apache/mysql/php stack majority work platform,5,php,mysql,database,svn,migration
1610,logically reorder columns table,adding column table microsoft sql server control column displayed logically queries don want mess physical layout columns disk logically group columns together tools sql server management studio list contents table convenient way sql management studio going design mode tables dragging order columns raw sql perform ordering scripted command,1,sql-server
1615,modify .xfdl files update #1,.xfdl file extension identifies xfdl formatted document files belong xml based document template formatting standard format exactly xml file format level encryption use secure communications view xfdl files using file viewer modify save files file save/save modify files fly suggestions update #1 decoded unziped .xfdl xml file edit way encode modified xml file base64 gzip using ruby command,3,ruby,language-agnostic,xfdl
1623,folders projects visual studio solution,spliting solution logical layers best use separate project grouping folder,3,visual-studio,design,projects-and-solutions
1625,xml editing/viewing software,software recommended working editing large xml schemas windows linux software doesn cross platform want suggestions help dealing huge xml files,3,windows,xml,linux
1644,good technology podcasts,yes podcasts nice audiobooks listen way work current amount podcasts searching needle haystack haystack internet filled hot gadgets stuff though .net developer nowadays good podcasts people whole software lifecycle unit testing continous integration documentation deployment.. guys gals listening note categorizations subjective 100% accurate podcasts cover areas categorization considered main area general software engineering / productivity,1,podcast
1669,learning write compiler,preferred languages c/c++ java ruby helpful books/tutorials write compiler simply educational purposes familiar c/c++ java ruby prefer resources involve three good resource acceptable,2,compiler,language-agnostic
1679,calculate statistics,writing app help facilitate involves statistical calculations researchers using program called output care concerned,2,statistics,spss
1683,asp.net built user profile vs stile user class/tables,guidance best practice use profile feature asp.net decide built user profile create db table add column desired fields example user zip code save zip code table add web.config xml profile access via user profile asp.net mechanize pros/cons think don profile well bit matrix whatever want go table route e.g sql users zip code current user don use asp.net profile,2,asp.net,profile
1709,pass enumerated values web service,dilemma basically share enumeration two applications users upload documents front application web application calls web service application passes document app saves document inserts row document table document type 7 document types invoice contract passed parameter web service uploaddocument method question type values parameter hardcode values applications think o.k use descriptive string invoice contract workorder signedworkorder better approach create documenttypes enumeration application reproduce second application pass corresponding integer value web service,2,web-services,application-integration
1711,single influential book programmer read,go time tell read specific book career developer book expect list varied cover wide range things search use search box upper corner search answers current question use,1,resources
1734,experiences protocol buffers,google data interchange format played code created project currently using xml python project structured content created hand text editor wondering general opinion protocol buffers user facing input format speed brevity benefits definitely factors generating processing data,4,python,xml,database,protocol-buffers
1746,matches using preg_replace php,trying grab capital letters couple words wrap span tags using extract wrapping purposes outputting,4,php,regex,html-parsing,preg-replace
1760,.net unit testing packages,bit .net years using full time wondering good unit testing packages days familiar nunit years ago played ironruby goal rspec going don realise google call day better informed response question suggestions,4,c#,.net,unit-testing,testing
1762,ternary expression working,trying set flag hide element displays expression false,2,php,ternary-operator
1790,federated synced subversion servers,create federated subversion servers server location location sync local versions repository automatically way location interacts repository accessing respective local server therefore faster response times,2,svn,version-control
1829,menu require user press [enter] selection,ve menu python easy using,1,python
1836,wiggling mouse,bit vanity app situation today work training class machine set lock 10 minutes well trainers excited talking opposed changing slides machine lock write teeny app taskbar icon move mouse 1 pixel 4 minutes 3 ways delphi strong language moving c# work path resistance,3,c#,winapi,mouse
1848,locating text within image,currently working project goal locate text image ocr ing text intention yet want basically bounds text within image using aforge.net imaging component manipulation assistance sense update 2/5/09 ve went route project attempt text using modi microsoft office document imaging allows ocr image pull text ease,4,c#,image,image-processing,artificial-intelligence
1854,python os running,windows unix,1,python
1869,tools people use create data dictionaries,project working couple databases table column database description set extended property sql 2005 documentation going client produce data dictionary showing tables columns collection meta data data type optionality constraints using tool automatically create kind document tools use used awesome doesn data types optionality unless want add custom fields fill,4,sql-server,database,documentation,data-dictionary
1873,triple quotes delimit databound javascript string parameter asp.net,delimit javascript databound string parameter anchor onclick event anchor tag asp.net repeater control onclick event anchor call javascript function javascript funciton takes string input parameter string parameter populated databound value repeater double quotes container.dataitem single quotes onclick delimiter triple quotes input string parameter javascript function call use single quotes ensure javascript function input parameter string integer without extra quotes input string parameter javascript function thinks passing integer cheers advance knowledge drop anchor,4,asp.net,javascript,anchor,quotes
1898,csv file imports .net,realize newbie question simple solution best way import csv file typed data structure simple = better,5,c#,vb.net,file,csv,import
1908,map latitude/longitude distorted map,bunch latitude/longitude pairs map x/y coordinates geographically distorted map latitude/longitude pair want plot map best go decided create system linear equations three nearest lat/long points compute transformation doesn work well linear system use nearby points assume north existing lat/long >x/y mappings edit mercator projection arbitrarily distorted readability think subway map want use nearest 5 10 mappings distortion parts map doesn affect mapping trying compute entire map small geographical area worry globe flat earth assumptions good,4,math,maps,mapping,latitude-longitude
1936,redirecttoaction asp.net mvc without losing request data,using asp.net mvc situations form submission require parameters,2,c#,asp.net-mvc
1949,multiple datacontext classes appropriate,order fully use linqtosql asp.net 3.5 application create usually using designer vs 2008 ui perspective datacontext design sections database expose linqtosql integral setting orm features linqtosql question setting project uses large database tables interconnected way foreign keys inclination huge datacontext class models entire database way theory though don needed practice use foreign key connections generated linqtosql easily go objects code insert objects thought thinking sense create multiple datacontext classes relating specific namespace logical interrelated within database main concern instantiating disposing huge datacontext class time individual operations relate specific areas database impose unnecessary imposition application resources additionally easier create manage smaller datacontext files big thing lose distant sections database navigable linqtosql though chain relationships connects actual database additionally table classes exist datacontext thoughts experience whether multiple datacontexts corresponding db namespaces appropriate place addition large datacontext class corresponding whole db,4,asp.net,.net,linq-to-sql,datacontext
1970,language use postgresql triggers stored procedures,postgresql interesting supports languages writing stored procedures use,5,sql,database,postgresql,stored-procedures,triggers
1973,best way avoid sql injection attacks,ve provided solution python.. flesh examples languages,5,python,sql,database,security,sql-injection
1982,cpu throttling c++,wondering elegant way set maximum cpu load thread intensive calculations located time consuming loop thread compression use hardcoded values loop continues period time sleeps minimal time job i.e guarantees thread will use 50% cpu behavior dependent number cpu cores huge disadvantage simply ugly smaller disadvantage ideas,3,c++,cpu,throttle
1983,python difference 1 2 3 [1 2 3] use,places 1 2 3 [1 2 3] used interchangably use,3,python,list,tuples
1988,lisp macros go,read lot lisp redefine syntax fly presumably macros curious go redefine language structure borderline compiler language example change functional nature lisp object oriented syntax semantics syntax closer ruby rid parenthesis hell using macros learned emacs lisp customize emacs micro features curious macros go customizing language,2,macros,lisp
1994,solution illegal cross thread call,data bind c# thread changes data control change thread control created ll exception surfed net good answer,2,c#,data-binding
1995,efficient way test object type,values stored strings datatable value represent int double string converted strings import process external data source test type value efficient application practical difference try convert int double conversion works return true exception thrown return false regular expressions designed match pattern int double method,4,c#,.net,double,int
2027,pass reference pass value,learning programming language roadblocks encounter question whether language default pass value pass reference question favorite language pitfalls favorite language course played ..,5,language-agnostic,oop,parameters,pass-by-reference,pass-by-value
2034,result codes svn,result codes svn quick reference,1,svn
2041,create branch svn,create branch svn,4,svn,version-control,branch,branching-and-merging
2043,windows dll retrieve filename,windows exe file access command string invoked including path filename way dll find path filename interested delphi solution suspect answer pretty language,3,delphi,winapi,dll
2046,unit test persistence,novice practicing test driven development quandary unit test persistence database technically integration test unit test want find best strategies testing queries testing inserts insert wrong fails test inserting querying query wasn wrong testing updates deletes testing inserts best practices testing sql aware use o/r mapper nhibernate attaches naming warts aliases used output queries unpredictable test abandon simply trust nhibernate prudent,3,sql-server,unit-testing,tdd
2048,monitor specific rss,rss feeds subscribe use bit buggy couldn alert suggestions experience simbolic,1,rss
2056,mvp mvc difference,rad drag drop configure way building user interfaces tools encourage 2 design patterns called question three parts issues patterns address,5,design-patterns,model-view-controller,user-interface,mvp,glossary
2092,started writing code coverage tool,books references discuss write code coverage tool java various techniques tricks source vs byte code instrumentation scripting language generates java byte code hood,4,java,testing,coldfusion,code-coverage
2120,convert hashbytes varchar,want md5 hash string value sql server 2005 command sql based solution,1,sql
2123,checkbox toggle clicking text label well,checkboxes html forms don implicit labels adding explicit label text doesn toggle checkbox,2,html,checkbox
2134,sealed classes offer performance benefits,lot optimization tips mark classes sealed extra performance benefits tests check performance differential wrong missing case sealed classes will better tests difference help learn,4,.net,optimization,frameworks,performance
2138,linq .net 2.0 runtime,linq enabled app machine .net 2.0 runtime installed theory linq syntactic sugar il code .net 2.0 write linq without using .net 3.5 libraries will .net 2.0,5,.net,linq,.net-3.5,.net-2.0,clr
2154,asp.net mvc without visual studio,writing asp.net c# applications visual studio used favourite text editor ultraedit32 implement mvc without use vs,3,c#,asp.net-mvc,visual-studio
2155,define custom web.config sections potential child elements attributes properties,web applications develop require dependant configuration settings settings change move environments settings currently simple key value pairs useful create custom config sections obvious two values change together settings change environment best way create custom config sections special considerations retrieving values,1,asp.net
2158,creating custom button java,way create jbutton button graphic image inside button way create custom button java,3,java,swing,jbutton
2196,easy way ajax webcontrols,ve web application trying optimise controls hidden dialog style divs load via ajax user wants fine controls literal based various menus widgets call dirty controls write extensive viewstate tons css script require lots references seemingly impossible move considering asp.net will react postback considering kind step override render find markers bits want move ajax placeholders server overhead extreme feels complete hack key element dialog boxes forms validation controls imagine move controls required scripts fevered imagination want sadly dream close quick easy ajaxification without causing load server,3,asp.net,ajax,web-controls
2209,change background masterpage code content,want add style tag,4,c#,asp.net,.net,master-pages
2214,best way implement bdd/tdd .net 2.0,add testing suite application move newer testing frameworks .net 3.5 suggestion good testing frameworks use,5,c#,.net,testing,tdd,bdd
2222,unit test flex applications within ide build script,currently working application frontend written adobe flex 3 aware example,5,flex,eclipse,unit-testing,build-automation,cairngorm
2232,calling bash commands ruby,call console/bash commands inside ruby program output commands program,4,ruby,bash,interop,console
